url,page_title,proposed_l1,proposed_l2,proposed_l3,proposed_l4,url_flag,writer_placement_rule
https://docs.mistral.ai/,Docs Home,Get Started,,,,, Homepage — orientation and persona entry points only
https://docs.mistral.ai/getting-started,Getting Started,Get Started,,,,, Section landing page
https://docs.mistral.ai/getting-started/quickstarts,Quickstarts,Get Started,Quickstarts,,,, All quickstarts — 5-15 min first success by persona
https://docs.mistral.ai/getting-started/quickstarts/le-chat,Le Chat Quickstarts,Get Started,Quickstarts,Le Chat,,, Quickstart index for Le Chat persona
https://docs.mistral.ai/getting-started/quickstarts/le-chat/draft-research-report,Draft a Research Report,Get Started,Quickstarts,Le Chat,Draft a Research Report,DUPLICATE of /le-chat/quickstarts/draft-research-report,First Le Chat success — under 15 min no code required
https://docs.mistral.ai/getting-started/quickstarts/le-chat/create-custom-agent,Create a Custom Agent,Get Started,Quickstarts,Le Chat,Create a Custom Agent,DUPLICATE of /le-chat/quickstarts/create-custom-agent,First Le Chat success — under 15 min no code required
https://docs.mistral.ai/getting-started/quickstarts/le-chat/analyze-data,Analyze Data with Code Interpreter,Get Started,Quickstarts,Le Chat,Analyze Data,DUPLICATE of /le-chat/quickstarts/analyze-data,First Le Chat success — under 15 min no code required
https://docs.mistral.ai/getting-started/quickstarts/developer,Developer Quickstarts,Get Started,Quickstarts,Developer,,, Quickstart index for developer/API persona
https://docs.mistral.ai/getting-started/quickstarts/developer/first-api-request,First API Request,Get Started,Quickstarts,Developer,First API Request,DUPLICATE of /developers/quickstarts/first-api-request,First developer success — install SDK + first call under 5 min
https://docs.mistral.ai/getting-started/quickstarts/developer/build-an-agent,Build an Agent,Get Started,Quickstarts,Developer,Build an Agent,DUPLICATE of /developers/quickstarts/build-an-agent,First developer success — under 10 min working agent
https://docs.mistral.ai/getting-started/quickstarts/developer/rag-document-search,RAG Document Search,Get Started,Quickstarts,Developer,RAG Document Search,DUPLICATE of /developers/quickstarts/rag-document-search,First developer success — under 15 min RAG pipeline
https://docs.mistral.ai/getting-started/quickstarts/studio,Studio Quickstarts,Get Started,Quickstarts,Studio,,, Quickstart index for Studio console persona
https://docs.mistral.ai/getting-started/quickstarts/studio/activate-and-generate-api-key,Activate & Generate API Key,Get Started,Quickstarts,Studio,Activate & Get API Key,,First Studio success — account setup under 5 min
https://docs.mistral.ai/getting-started/quickstarts/studio/test-model-playground,Test a Model in the Playground,Get Started,Quickstarts,Studio,Test in Playground,,First Studio success — prompt a model without code
https://docs.mistral.ai/getting-started/quickstarts/vibe,Mistral Vibe Quickstarts,Get Started,Quickstarts,Mistral Vibe,,, Quickstart index for Vibe CLI persona
https://docs.mistral.ai/getting-started/quickstarts/vibe/install-and-first-prompt,Install and First Prompt,Get Started,Quickstarts,Mistral Vibe,Install and First Prompt,,First Vibe success — install CLI and run a prompt
https://docs.mistral.ai/getting-started/quickstarts/vibe/scaffold-a-project,Scaffold a Project,Get Started,Quickstarts,Mistral Vibe,Scaffold a Project,,First Vibe success — generate project files from natural language
https://docs.mistral.ai/getting-started/quickstarts/admin,Admin Quickstarts,Get Started,Quickstarts,Admin,,, Quickstart index for org admin persona
https://docs.mistral.ai/getting-started/quickstarts/admin/create-organization,Create an Organization,Get Started,Quickstarts,Admin,Create an Organization,DUPLICATE of /admin/quickstarts/create-organization,First admin success — org + workspace + billing setup
https://docs.mistral.ai/getting-started/quickstarts/admin/configure-sso,Configure SSO,Get Started,Quickstarts,Admin,Configure SSO,DUPLICATE of /admin/quickstarts/configure-sso,First admin success — SAML SSO setup
https://docs.mistral.ai/getting-started/quickstarts/admin/manage-workspaces,Manage Workspaces & Keys,Get Started,Quickstarts,Admin,Manage Workspaces & Keys,DUPLICATE of /admin/quickstarts/manage-workspaces,First admin success — workspace isolation and key management
https://docs.mistral.ai/getting-started/le-chat-studio-admin,Le Chat vs Studio vs Admin,Get Started,Choose Your Path,,,KEEP — valuable orientation,Orientation: helps user identify which product surface they need
https://docs.mistral.ai/getting-started/clients,SDK Clients,Get Started,Install an SDK,,,KEEP — quickstart install section,Prerequisite setup: install + auth only; full SDK method reference belongs in Reference
https://docs.mistral.ai/getting-started/glossary,Glossary,Reference,Glossary,,,MOVE from Get Started — reference artifact,Pure reference: definitions only; belongs in Reference not orientation
https://docs.mistral.ai/developers,Developers,Get Started,Quickstarts,Developer,,REDIRECT to /getting-started/quickstarts/developer — redundant section,Redundant with Getting Started > Quickstarts > Developer
https://docs.mistral.ai/developers/quickstarts/first-api-request,First API Request,Get Started,Quickstarts,Developer,First API Request,REDIRECT to /getting-started/quickstarts/developer/first-api-request,Duplicate URL — consolidate
https://docs.mistral.ai/developers/quickstarts/build-an-agent,Build an Agent,Get Started,Quickstarts,Developer,Build an Agent,REDIRECT to /getting-started/quickstarts/developer/build-an-agent,Duplicate URL — consolidate
https://docs.mistral.ai/developers/quickstarts/rag-document-search,RAG Document Search,Get Started,Quickstarts,Developer,RAG Document Search,REDIRECT to /getting-started/quickstarts/developer/rag-document-search,Duplicate URL — consolidate
https://docs.mistral.ai/le-chat/quickstarts/draft-research-report,Draft a Research Report,Get Started,Quickstarts,Le Chat,Draft a Research Report,REDIRECT to /getting-started/quickstarts/le-chat/draft-research-report,Duplicate URL — consolidate; canonical quickstart lives in Get Started
https://docs.mistral.ai/le-chat/quickstarts/create-custom-agent,Create a Custom Agent,Get Started,Quickstarts,Le Chat,Create a Custom Agent,REDIRECT to /getting-started/quickstarts/le-chat/create-custom-agent,Duplicate URL — consolidate
https://docs.mistral.ai/le-chat/quickstarts/analyze-data,Analyze Data,Get Started,Quickstarts,Le Chat,Analyze Data,REDIRECT to /getting-started/quickstarts/le-chat/analyze-data,Duplicate URL — consolidate
https://docs.mistral.ai/products,Products,Get Started,Choose Your Path,,,REDIRECT to /getting-started/le-chat-studio-admin or consolidate,Product comparison landing — better served by orientation page in Get Started
https://docs.mistral.ai/models,Models,Models,Overview & Selection Guide,,,, Landing: featured models + selection guide + family overview; NOT a catalog dump
https://docs.mistral.ai/models/overview,Models Overview,Models,Overview & Selection Guide,,,REDIRECT to /models — consolidate with root,Redundant with /models root
https://docs.mistral.ai/models/model-selection-guide,Model Selection Guide,Models,Model Selection Guide,,,, Decision guide: use-case → recommended model → rationale; NOT specs
https://docs.mistral.ai/models/best-practices,Best Practices,Models,Best Practices,,,, Parent section for prompting and sampling guides
https://docs.mistral.ai/models/best-practices/prompt-engineering,Prompt Engineering,Build,Chat & Completions,Prompting,,MOVE from Models — prompting is a build concern,Guide content not model property; belongs in Build > Chat & Completions > Prompting
https://docs.mistral.ai/models/best-practices/sampling,Sampling,Build,Chat & Completions,Sampling,,MOVE from Models — sampling is a build concern,Guide content not model property; belongs in Build > Chat & Completions > Sampling
https://docs.mistral.ai/models/labs,Labs Models,Models,Labs,,,, Experimental / preview models; clearly labelled beta/unstable
https://docs.mistral.ai/models/deployment,Deployment Overview,Models,Self-hosting,Overview,,MOVE from Models — deployment is operational not model property,Self-hosting content: only relevant to users running Mistral models outside the Mistral API endpoint — cloud providers or local/on-prem deployment. Most users will skip this sub-section entirely.
https://docs.mistral.ai/models/deployment/cloud-deployments,Cloud Deployments,Models,Self-hosting,Cloud providers,,MOVE from Models,Self-hosting content: only relevant to users running Mistral models outside the Mistral API endpoint — cloud providers or local/on-prem deployment. Most users will skip this sub-section entirely.
https://docs.mistral.ai/models/deployment/cloud-deployments/amazon_bedrock,Amazon Bedrock,Models,Self-hosting,Cloud providers,Amazon Bedrock,MOVE from Models,Self-hosting content: only relevant to users running Mistral models outside the Mistral API endpoint — cloud providers or local/on-prem deployment. Most users will skip this sub-section entirely.
https://docs.mistral.ai/models/deployment/cloud-deployments/azure,Azure AI Foundry,Models,Self-hosting,Cloud providers,Azure AI Foundry,MOVE from Models,Self-hosting content: only relevant to users running Mistral models outside the Mistral API endpoint — cloud providers or local/on-prem deployment. Most users will skip this sub-section entirely.
https://docs.mistral.ai/models/deployment/cloud-deployments/ibm-watsonx,IBM WatsonX,Models,Self-hosting,Cloud providers,IBM WatsonX,MOVE from Models,Self-hosting content: only relevant to users running Mistral models outside the Mistral API endpoint — cloud providers or local/on-prem deployment. Most users will skip this sub-section entirely.
https://docs.mistral.ai/models/deployment/cloud-deployments/outscale,Outscale,Models,Self-hosting,Cloud providers,Outscale,MOVE from Models,Self-hosting content: only relevant to users running Mistral models outside the Mistral API endpoint — cloud providers or local/on-prem deployment. Most users will skip this sub-section entirely.
https://docs.mistral.ai/models/deployment/cloud-deployments/sfcortex,Snowflake Cortex,Models,Self-hosting,Cloud providers,Snowflake Cortex,MOVE from Models,Self-hosting content: only relevant to users running Mistral models outside the Mistral API endpoint — cloud providers or local/on-prem deployment. Most users will skip this sub-section entirely.
https://docs.mistral.ai/models/deployment/cloud-deployments/vertex,Google Vertex AI,Models,Self-hosting,Cloud providers,Google Vertex AI,MOVE from Models,Self-hosting content: only relevant to users running Mistral models outside the Mistral API endpoint — cloud providers or local/on-prem deployment. Most users will skip this sub-section entirely.
https://docs.mistral.ai/models/deployment/local-deployment,Local / Self-Hosted,Models,Self-hosting,Local deployment,,MOVE from Models,Self-hosting content: only relevant to users running Mistral models outside the Mistral API endpoint — cloud providers or local/on-prem deployment. Most users will skip this sub-section entirely.
https://docs.mistral.ai/models/deployment/local-deployment/cerebrium,Cerebrium,Models,Self-hosting,Local deployment,Cerebrium,MOVE from Models,Self-hosting content: only relevant to users running Mistral models outside the Mistral API endpoint — cloud providers or local/on-prem deployment. Most users will skip this sub-section entirely.
https://docs.mistral.ai/models/deployment/local-deployment/cloudflare,Cloudflare Workers AI,Models,Self-hosting,Local deployment,Cloudflare Workers AI,MOVE from Models,Self-hosting content: only relevant to users running Mistral models outside the Mistral API endpoint — cloud providers or local/on-prem deployment. Most users will skip this sub-section entirely.
https://docs.mistral.ai/models/deployment/local-deployment/skypilot,SkyPilot,Models,Self-hosting,Local deployment,SkyPilot,MOVE from Models,Self-hosting content: only relevant to users running Mistral models outside the Mistral API endpoint — cloud providers or local/on-prem deployment. Most users will skip this sub-section entirely.
https://docs.mistral.ai/models/deployment/local-deployment/tgi,Text Generation Inference (TGI),Models,Self-hosting,Local deployment,TGI,MOVE from Models,Self-hosting content: only relevant to users running Mistral models outside the Mistral API endpoint — cloud providers or local/on-prem deployment. Most users will skip this sub-section entirely.
https://docs.mistral.ai/models/deployment/local-deployment/trt,TensorRT-LLM,Models,Self-hosting,Local deployment,TensorRT-LLM,MOVE from Models,Self-hosting content: only relevant to users running Mistral models outside the Mistral API endpoint — cloud providers or local/on-prem deployment. Most users will skip this sub-section entirely.
https://docs.mistral.ai/models/deployment/local-deployment/vllm,vLLM,Models,Self-hosting,Local deployment,vLLM,MOVE from Models,Self-hosting content: only relevant to users running Mistral models outside the Mistral API endpoint — cloud providers or local/on-prem deployment. Most users will skip this sub-section entirely.
https://docs.mistral.ai/models/mistral-large-3-25-12,Mistral Large 3,Models,Mistral Family,Mistral Large 3,,, Model card: specs + context window + pricing + availability + capabilities
https://docs.mistral.ai/models/mistral-large-2-1-24-11,Mistral Large 2.1,Models,Mistral Family,Mistral Large 2.1,,, Model card — older version; link to current
https://docs.mistral.ai/models/mistral-large-2-0-24-07,Mistral Large 2,Models,Mistral Family,Mistral Large 2,,, Model card — older version
https://docs.mistral.ai/models/mistral-large-1-0-24-02,Mistral Large 1,Models,Mistral Family,Mistral Large 1,,, Model card — older version
https://docs.mistral.ai/models/mistral-medium-3-1-25-08,Mistral Medium 3.1,Models,Mistral Family,Mistral Medium 3.1,,, Model card
https://docs.mistral.ai/models/mistral-medium-3-25-05,Mistral Medium 3,Models,Mistral Family,Mistral Medium 3,,, Model card
https://docs.mistral.ai/models/mistral-medium-1-0-23-12,Mistral Medium (legacy),Models,Mistral Family,Mistral Medium (legacy),,, Model card — legacy
https://docs.mistral.ai/models/mistral-small-4-0-26-03,Mistral Small 4,Models,Mistral Family,Mistral Small 4,,, Model card
https://docs.mistral.ai/models/mistral-small-3-2-25-06,Mistral Small 3.2,Models,Mistral Family,Mistral Small 3.2,,, Model card
https://docs.mistral.ai/models/mistral-small-3-1-25-03,Mistral Small 3.1,Models,Mistral Family,Mistral Small 3.1,,, Model card
https://docs.mistral.ai/models/mistral-small-3-0-25-01,Mistral Small 3,Models,Mistral Family,Mistral Small 3,,, Model card
https://docs.mistral.ai/models/mistral-small-2-0-24-09,Mistral Small 2,Models,Mistral Family,Mistral Small 2,,, Model card
https://docs.mistral.ai/models/mistral-small-1-0-24-02,Mistral Small 1,Models,Mistral Family,Mistral Small 1,,, Model card
https://docs.mistral.ai/models/mistral-small-creative-25-12,Mistral Small Creative,Models,Mistral Family,Mistral Small Creative,,, Model card
https://docs.mistral.ai/models/mistral-saba-25-02,Mistral Saba,Models,Mistral Family,Mistral Saba,,, Model card
https://docs.mistral.ai/models/mistral-nemo-12b-24-07,Mistral Nemo,Models,Mistral Family,Mistral Nemo,,, Model card
https://docs.mistral.ai/models/mistral-next,Mistral Next,Models,Mistral Family,Mistral Next,,, Model card
https://docs.mistral.ai/models/mistral-7b-0-3,Mistral 7B v0.3,Models,Mistral Family,Mistral 7B v0.3,,, Model card — open weight
https://docs.mistral.ai/models/mistral-7b-0-2,Mistral 7B v0.2,Models,Mistral Family,Mistral 7B v0.2,,, Model card
https://docs.mistral.ai/models/mistral-7b-0-1,Mistral 7B v0.1,Models,Mistral Family,Mistral 7B v0.1,,, Model card
https://docs.mistral.ai/models/mistral-embed-23-12,Mistral Embed,Models,Embedding Models,Mistral Embed,,, Model card
https://docs.mistral.ai/models/mistral-moderation-26-03,Mistral Moderation 2603,Models,Moderation Models,Mistral Moderation 2603,,, Model card
https://docs.mistral.ai/models/mistral-moderation-24-11,Mistral Moderation 2411,Models,Moderation Models,Mistral Moderation 2411,,, Model card — older version
https://docs.mistral.ai/models/magistral-medium-1-2-25-09,Magistral Medium 1.2,Models,Magistral Family,Magistral Medium 1.2,,, Model card — reasoning model
https://docs.mistral.ai/models/magistral-medium-1-1-25-07,Magistral Medium 1.1,Models,Magistral Family,Magistral Medium 1.1,,, Model card
https://docs.mistral.ai/models/magistral-medium-1-0-25-06,Magistral Medium 1,Models,Magistral Family,Magistral Medium 1,,, Model card
https://docs.mistral.ai/models/magistral-small-1-2-25-09,Magistral Small 1.2,Models,Magistral Family,Magistral Small 1.2,,, Model card
https://docs.mistral.ai/models/magistral-small-1-1-25-07,Magistral Small 1.1,Models,Magistral Family,Magistral Small 1.1,,, Model card
https://docs.mistral.ai/models/magistral-small-1-0-25-06,Magistral Small 1,Models,Magistral Family,Magistral Small 1,,, Model card
https://docs.mistral.ai/models/devstral-2-25-12,Devstral 2,Models,Devstral Family,Devstral 2,,, Model card — code agent model
https://docs.mistral.ai/models/devstral-small-2-25-12,Devstral Small 2,Models,Devstral Family,Devstral Small 2,,, Model card
https://docs.mistral.ai/models/devstral-small-1-1-25-07,Devstral Small 1.1,Models,Devstral Family,Devstral Small 1.1,,, Model card
https://docs.mistral.ai/models/devstral-small-1-0-25-05,Devstral Small 1,Models,Devstral Family,Devstral Small 1,,, Model card
https://docs.mistral.ai/models/devstral-medium-1-0-25-07,Devstral Medium,Models,Devstral Family,Devstral Medium,,, Model card
https://docs.mistral.ai/models/codestral-25-08,Codestral 2508,Models,Codestral Family,Codestral 2508,,, Model card — code completion model
https://docs.mistral.ai/models/codestral-25-01,Codestral 2501,Models,Codestral Family,Codestral 2501,,, Model card
https://docs.mistral.ai/models/codestral-24-05,Codestral 2405,Models,Codestral Family,Codestral 2405,,, Model card
https://docs.mistral.ai/models/codestral-embed-25-05,Codestral Embed,Models,Codestral Family,Codestral Embed,,, Model card — code embedding model
https://docs.mistral.ai/models/codestral-mamba-7b-0-1,Codestral Mamba,Models,Codestral Family,Codestral Mamba,,, Model card
https://docs.mistral.ai/models/ministral-3-14b-25-12,Ministral 14B,Models,Ministral Family,Ministral 14B,,, Model card — edge/efficient model
https://docs.mistral.ai/models/ministral-3-8b-25-12,Ministral 8B (2025),Models,Ministral Family,Ministral 8B (2025),,, Model card
https://docs.mistral.ai/models/ministral-3-3b-25-12,Ministral 3B (2025),Models,Ministral Family,Ministral 3B (2025),,, Model card
https://docs.mistral.ai/models/ministral-8b-24-1,Ministral 8B (2024),Models,Ministral Family,Ministral 8B (2024),,, Model card
https://docs.mistral.ai/models/ministral-3b-24-1,Ministral 3B (2024),Models,Ministral Family,Ministral 3B (2024),,, Model card
https://docs.mistral.ai/models/leanstral-26-03,Leanstral,Models,Mistral Family,Leanstral,,, Model card
https://docs.mistral.ai/models/voxtral-tts-26-03,Voxtral TTS,Models,Voxtral Family,Voxtral TTS,,, Model card — text-to-speech model
https://docs.mistral.ai/models/voxtral-mini-transcribe-realtime-26-02,Voxtral Mini Transcribe Realtime,Models,Voxtral Family,Voxtral Mini Transcribe Realtime,,, Model card — realtime transcription
https://docs.mistral.ai/models/voxtral-mini-transcribe-26-02,Voxtral Mini Transcribe v2,Models,Voxtral Family,Voxtral Mini Transcribe v2,,, Model card
https://docs.mistral.ai/models/voxtral-mini-transcribe-25-07,Voxtral Mini Transcribe,Models,Voxtral Family,Voxtral Mini Transcribe,,, Model card
https://docs.mistral.ai/models/voxtral-mini-25-07,Voxtral Mini,Models,Voxtral Family,Voxtral Mini,,, Model card
https://docs.mistral.ai/models/voxtral-small-25-07,Voxtral Small,Models,Voxtral Family,Voxtral Small,,, Model card
https://docs.mistral.ai/models/ocr-3-25-12,OCR 3,Models,OCR Models,OCR 3,,, Model card — document processing model
https://docs.mistral.ai/models/ocr-25-03,OCR (2025-03),Models,OCR Models,OCR (2025-03),,, Model card
https://docs.mistral.ai/models/ocr-2-25-05,OCR 2,Models,OCR Models,OCR 2,,, Model card
https://docs.mistral.ai/models/pixtral-large-24-11,Pixtral Large,Models,Pixtral Family,Pixtral Large,,, Model card — multimodal model
https://docs.mistral.ai/models/pixtral-12b-24-09,Pixtral 12B,Models,Pixtral Family,Pixtral 12B,,, Model card
https://docs.mistral.ai/models/mixtral-8x22b-0-1-0-3,Mixtral 8x22B,Models,Mixtral Family,Mixtral 8x22B,,, Model card — MoE model
https://docs.mistral.ai/models/mixtral-8x7b-0-1,Mixtral 8x7B,Models,Mixtral Family,Mixtral 8x7B,,, Model card
https://docs.mistral.ai/models/mathstral-7b-0-1,Mathstral 7B,Models,Labs,Mathstral 7B,,MOVE to Models > Labs,Experimental model — belongs under Labs
https://docs.mistral.ai/studio-api/overview,Studio Overview,Platform,Studio Console,Overview,,, Platform surface docs: how to use the console UI — not API task guides
https://docs.mistral.ai/studio-api/conversations/chat-completion,Chat Completions,Build,Chat & Completions,Overview,,, API task guide: goal → concept → code → reference links
https://docs.mistral.ai/studio-api/conversations/chat-completion/prompting,Prompting,Build,Chat & Completions,Prompting,,, Guide: how to write effective prompts; task-oriented not model-property
https://docs.mistral.ai/studio-api/conversations/vision,Vision,Build,Vision,,,, API task guide: send images + ask questions
https://docs.mistral.ai/studio-api/conversations/citations,Citations & References,Build,Citations & References,,,, API task guide: grounded responses with source attribution
https://docs.mistral.ai/studio-api/conversations/function-calling,Function Calling,Build,Function Calling,,,, API task guide: define tools + let model call functions
https://docs.mistral.ai/studio-api/conversations/structured-output,Structured Outputs,Build,Structured Outputs,Overview,,, API task guide: enforce output schema
https://docs.mistral.ai/studio-api/conversations/structured-output/custom,Custom Schema,Build,Structured Outputs,Custom Schema,,, Sub-guide: custom JSON schema definition
https://docs.mistral.ai/studio-api/conversations/structured-output/json_mode,JSON Mode,Build,Structured Outputs,JSON Mode,,, Sub-guide: JSON mode without strict schema
https://docs.mistral.ai/studio-api/conversations/moderation,Moderation (per-request),Build,Evaluate & Ship,Safety & Moderation,Per-Request Moderation,,"Evaluate & Ship — final phase of Build. Belongs here if it answers ""is this ready to ship?"" — evals, quality assurance, safety gates, pre-production checks."
https://docs.mistral.ai/studio-api/conversations/reasoning,Reasoning,Build,Reasoning,Overview,,, API task guide: using thinking/reasoning models
https://docs.mistral.ai/studio-api/conversations/reasoning/native,Native Reasoning,Build,Reasoning,Native Reasoning,,, Sub-guide: models with built-in reasoning
https://docs.mistral.ai/studio-api/conversations/reasoning/adjustable,Adjustable Reasoning,Build,Reasoning,Adjustable Reasoning,,, Sub-guide: controlling reasoning effort/budget
https://docs.mistral.ai/studio-api/conversations/advanced/predicted-outputs,Predicted Outputs,Build,Advanced Completions,Predicted Outputs,,, Optimization technique: speculative decoding for latency reduction
https://docs.mistral.ai/studio-api/agents/introduction,Agents Introduction,Build,Agents,Introduction,,, Concept + overview: what agents are and when to use them
https://docs.mistral.ai/studio-api/agents/agents-api,Agents & Conversations API,Build,Agents,Conversations & Memory,,, Task guide: stateful multi-turn agents via API
https://docs.mistral.ai/studio-api/agents/agent-tools,Agent Tools Overview,Build,Agents,Tools Overview,,, Parent page: all tool types available to agents
https://docs.mistral.ai/studio-api/agents/agent-tools/websearch,Web Search Tool,Build,Agents,Tools — Web Search,,, Tool guide: agent web search setup and usage
https://docs.mistral.ai/studio-api/agents/agent-tools/code_interpreter,Code Interpreter Tool,Build,Agents,Tools — Code Interpreter,,, Tool guide: agent Python execution
https://docs.mistral.ai/studio-api/agents/agent-tools/image_generation,Image Generation Tool,Build,Agents,Tools — Image Generation,,, Tool guide: agent image generation
https://docs.mistral.ai/studio-api/agents/agent-tools/function-calling,Function Calling Tool,Build,Agents,Tools — Function Calling,,, Tool guide: custom function definitions for agents
https://docs.mistral.ai/studio-api/agents/handoffs,Handoffs,Build,Agents,Handoffs,,, Task guide: multi-agent orchestration and delegation
https://docs.mistral.ai/studio-api/knowledge-rag/rag_quickstart,RAG Quickstart,Build,Knowledge & RAG,RAG Quickstart,,, Entry point: first working RAG pipeline under 15 min
https://docs.mistral.ai/studio-api/knowledge-rag/embeddings,Embeddings,Build,Knowledge & RAG,Embeddings,Overview,, Parent: embeddings API overview
https://docs.mistral.ai/studio-api/knowledge-rag/embeddings/text_embeddings,Text Embeddings,Build,Knowledge & RAG,Embeddings,Text Embeddings,, Task guide: embed text for semantic search
https://docs.mistral.ai/studio-api/knowledge-rag/embeddings/code_embeddings,Code Embeddings,Build,Knowledge & RAG,Embeddings,Code Embeddings,, Task guide: embed code for semantic code search
https://docs.mistral.ai/studio-api/knowledge-rag/libraries,Libraries API,Build,Knowledge & RAG,Libraries (API),,, Task guide: managed document libraries via API — distinct from Le Chat Libraries UI
https://docs.mistral.ai/studio-api/knowledge-rag/connectors,Connectors Overview,Build,Knowledge & RAG,Connectors,Overview,, Parent: MCP connectors and tool integration overview
https://docs.mistral.ai/studio-api/knowledge-rag/connectors/management,Connector Management,Build,Knowledge & RAG,Connectors,Management,, Task guide: register and manage MCP servers as connectors
https://docs.mistral.ai/studio-api/knowledge-rag/connectors/conversations,Connectors in Conversations,Build,Knowledge & RAG,Connectors,In Conversations,, Task guide: use connectors in chat completion requests
https://docs.mistral.ai/studio-api/knowledge-rag/connectors/tool_calling,Connectors as Tools,Build,Knowledge & RAG,Connectors,Tool Calling,, Task guide: call connectors like function tools
https://docs.mistral.ai/studio-api/knowledge-rag/connectors/confirmation,Human-in-the-Loop Confirmation,Build,Knowledge & RAG,Connectors,Confirmation,, Task guide: require user approval before connector actions execute
https://docs.mistral.ai/studio-api/document-processing/overview,Document Processing Overview,Build,Document Processing,Overview,,, Parent: all document AI capabilities
https://docs.mistral.ai/studio-api/document-processing/basic_ocr,OCR,Build,Document Processing,OCR,,, Task guide: extract text from images and PDFs
https://docs.mistral.ai/studio-api/document-processing/annotations,Annotations,Build,Document Processing,Annotations,,, Task guide: structured data extraction with schema
https://docs.mistral.ai/studio-api/document-processing/document_qna,Document Q&A,Build,Document Processing,Document Q&A,,, Task guide: answer questions grounded in document content
https://docs.mistral.ai/studio-api/audio/speech_to_text,Speech to Text,Build,Audio,Speech to Text,Overview,, Parent: all transcription options
https://docs.mistral.ai/studio-api/audio/speech_to_text/offline_transcription,Offline Transcription,Build,Audio,Speech to Text,Offline Transcription,, Task guide: batch/async transcription for pre-recorded audio
https://docs.mistral.ai/studio-api/audio/speech_to_text/realtime_transcription,Realtime Transcription,Build,Audio,Speech to Text,Realtime Transcription,, Task guide: streaming live audio transcription
https://docs.mistral.ai/studio-api/audio/text_to_speech,Text to Speech,Build,Audio,Text to Speech,Overview,, Parent: all TTS options
https://docs.mistral.ai/studio-api/audio/text_to_speech/speech,Generate Speech,Build,Audio,Text to Speech,Generate Speech,, Task guide: synthesize speech from text
https://docs.mistral.ai/studio-api/audio/text_to_speech/voices,Voices,Build,Audio,Text to Speech,Voices,, Reference-adjacent: available voice options and parameters
https://docs.mistral.ai/studio-api/batch-processing,Batch Processing,Build,Batch Processing,,,, Task guide: async large-scale inference at 50% cost reduction
https://docs.mistral.ai/studio-api/safety-moderation,Safety & Moderation Overview,Build,Evaluate & Ship,Safety & Moderation,Overview,,"Evaluate & Ship — final phase of Build. Belongs here if it answers ""is this ready to ship?"" — evals, quality assurance, safety gates, pre-production checks."
https://docs.mistral.ai/studio-api/observability,Observability Overview,Build,Evaluate & Ship,Observability,Overview,,"Evaluate & Ship — final phase of Build. Belongs here if it answers ""is this ready to ship?"" — evals, quality assurance, safety gates, pre-production checks."
https://docs.mistral.ai/studio-api/observability/quickstart,Observability Quickstart,Build,Evaluate & Ship,Observability,Quickstart,,"Evaluate & Ship — final phase of Build. Belongs here if it answers ""is this ready to ship?"" — evals, quality assurance, safety gates, pre-production checks."
https://docs.mistral.ai/studio-api/observability/explorer,Event Explorer,Build,Evaluate & Ship,Observability,Event Explorer,,"Evaluate & Ship — final phase of Build. Belongs here if it answers ""is this ready to ship?"" — evals, quality assurance, safety gates, pre-production checks."
https://docs.mistral.ai/studio-api/observability/datasets,Datasets,Build,Evaluate & Ship,Observability,Datasets,,"Evaluate & Ship — final phase of Build. Belongs here if it answers ""is this ready to ship?"" — evals, quality assurance, safety gates, pre-production checks."
https://docs.mistral.ai/studio-api/observability/campaigns,Eval Campaigns,Build,Evaluate & Ship,Observability,Eval Campaigns,,"Evaluate & Ship — final phase of Build. Belongs here if it answers ""is this ready to ship?"" — evals, quality assurance, safety gates, pre-production checks."
https://docs.mistral.ai/studio-api/observability/judges,LLM Judges,Build,Evaluate & Ship,Observability,LLM Judges,,"Evaluate & Ship — final phase of Build. Belongs here if it answers ""is this ready to ship?"" — evals, quality assurance, safety gates, pre-production checks."
https://docs.mistral.ai/studio-api/workflows/getting-started/introduction,Workflows Introduction,Build,Workflows,Introduction,,, Concept: what Mistral Workflows is and when to use it vs agents
https://docs.mistral.ai/studio-api/workflows/getting-started/installation,Workflows Installation,Build,Workflows,Installation,,, Prerequisite: install workflow SDK and authenticate
https://docs.mistral.ai/studio-api/workflows/getting-started/your_first_workflow,Your First Workflow,Build,Workflows,Your First Workflow,,, First success: write and run a simple workflow end-to-end
https://docs.mistral.ai/studio-api/workflows/getting-started/core_concepts/workflows,Core Concepts — Workflows,Build,Workflows,Core Concepts,Workflows,, Concept: what a workflow is; durable execution model
https://docs.mistral.ai/studio-api/workflows/getting-started/core_concepts/activities,Core Concepts — Activities,Build,Workflows,Core Concepts,Activities,, Concept: what activities are; units of work within workflows
https://docs.mistral.ai/studio-api/workflows/getting-started/core_concepts/workers,Core Concepts — Workers,Build,Workflows,Core Concepts,Workers,, Concept: workers execute activities; scaling model
https://docs.mistral.ai/studio-api/workflows/getting-started/core_concepts/executions,Core Concepts — Executions,Build,Workflows,Core Concepts,Executions,, Concept: workflow execution lifecycle and state
https://docs.mistral.ai/studio-api/workflows/getting-started/core_concepts/events,Core Concepts — Events,Build,Workflows,Core Concepts,Events,, Concept: event-driven workflow triggers and signals
https://docs.mistral.ai/studio-api/workflows/getting-started/core_concepts/deployments,Core Concepts — Deployments,Build,Workflows,Core Concepts,Deployments,, Concept: how workflows are deployed and versioned
https://docs.mistral.ai/studio-api/workflows/building-workflows/workflows,Building Workflows,Build,Workflows,Building,Workflows,, Task guide: define a workflow in code
https://docs.mistral.ai/studio-api/workflows/building-workflows/activities,Activities,Build,Workflows,Building,Activities,, Task guide: define activities within a workflow
https://docs.mistral.ai/studio-api/workflows/building-workflows/activities/basics,Activities — Basics,Build,Workflows,Building,Activities: Basics,, Sub-guide: basic activity patterns
https://docs.mistral.ai/studio-api/workflows/building-workflows/activities/local_activities,Local Activities,Build,Workflows,Building,Local Activities,, Sub-guide: activities that run locally without durability
https://docs.mistral.ai/studio-api/workflows/building-workflows/activities/sticky_worker_sessions,Sticky Worker Sessions,Build,Workflows,Building,Sticky Worker Sessions,, Sub-guide: pin activities to a specific worker
https://docs.mistral.ai/studio-api/workflows/building-workflows/consuming_events,Consuming Events,Build,Workflows,Building,Consuming Events,, Task guide: react to external events inside a workflow
https://docs.mistral.ai/studio-api/workflows/building-workflows/sub_workflows,Sub-Workflows,Build,Workflows,Building,Sub-Workflows,, Task guide: compose workflows from child workflows
https://docs.mistral.ai/studio-api/workflows/building-workflows/durable_agents,Durable Agents,Build,Workflows,Building,Durable Agents,, Task guide: long-running agents with durable state
https://docs.mistral.ai/studio-api/workflows/building-workflows/scheduling,Scheduling,Build,Workflows,Building,Scheduling,, Task guide: trigger workflows on a schedule
https://docs.mistral.ai/studio-api/workflows/building-workflows/streaming,Streaming,Build,Workflows,Building,Streaming,, Task guide: stream output from workflow activities
https://docs.mistral.ai/studio-api/workflows/building-workflows/waiting_for_conditions,Waiting for Conditions,Build,Workflows,Building,Waiting for Conditions,, Task guide: pause workflow execution until a condition is met
https://docs.mistral.ai/studio-api/workflows/building-workflows/continue_as_new,Continue as New,Build,Workflows,Building,Continue as New,, Task guide: restart a long-running workflow without history overflow
https://docs.mistral.ai/studio-api/workflows/building-workflows/dependency_injection,Dependency Injection,Build,Workflows,Building,Dependency Injection,, Task guide: inject dependencies into workflow activities
https://docs.mistral.ai/studio-api/workflows/building-workflows/workflow_exception,Workflow Exceptions,Build,Workflows,Building,Workflow Exceptions,, Task guide: handle errors and retries in workflows
https://docs.mistral.ai/studio-api/workflows/interacting-with-workflows/conversational_workflows,Conversational Workflows,Build,Workflows,Interacting,Conversational Workflows,, Task guide: integrate human input into long-running workflows
https://docs.mistral.ai/studio-api/workflows/interacting-with-workflows/queries,Queries,Build,Workflows,Interacting,Queries,, Task guide: read workflow state without modifying it
https://docs.mistral.ai/studio-api/workflows/interacting-with-workflows/signals,Signals,Build,Workflows,Interacting,Signals,, Task guide: send one-way messages to a running workflow
https://docs.mistral.ai/studio-api/workflows/interacting-with-workflows/updates,Updates,Build,Workflows,Interacting,Updates,, Task guide: send validated request-response messages to a workflow
https://docs.mistral.ai/studio-api/workflows/managing-workflows-in-production/deployments,Workflow Deployments,Models,Self-hosting,Workflows in production,Deployments,MOVE from Build — production concern,Self-hosting content: only relevant to users running Mistral models outside the Mistral API endpoint — cloud providers or local/on-prem deployment. Most users will skip this sub-section entirely.
https://docs.mistral.ai/studio-api/workflows/managing-workflows-in-production/concurrency,Concurrency,Models,Self-hosting,Workflows in production,Concurrency,MOVE from Build — production concern,Self-hosting content: only relevant to users running Mistral models outside the Mistral API endpoint — cloud providers or local/on-prem deployment. Most users will skip this sub-section entirely.
https://docs.mistral.ai/studio-api/workflows/managing-workflows-in-production/rate_limiting,Rate Limiting,Models,Self-hosting,Workflows in production,Rate Limiting,MOVE from Build — production concern,Self-hosting content: only relevant to users running Mistral models outside the Mistral API endpoint — cloud providers or local/on-prem deployment. Most users will skip this sub-section entirely.
https://docs.mistral.ai/studio-api/workflows/managing-workflows-in-production/execution_context,Execution Context,Models,Self-hosting,Workflows in production,Execution Context,MOVE from Build — production concern,Self-hosting content: only relevant to users running Mistral models outside the Mistral API endpoint — cloud providers or local/on-prem deployment. Most users will skip this sub-section entirely.
https://docs.mistral.ai/studio-api/workflows/managing-workflows-in-production/error_codes,Error Codes,Models,Self-hosting,Workflows in production,Error Codes,MOVE from Build — production concern,Self-hosting content: only relevant to users running Mistral models outside the Mistral API endpoint — cloud providers or local/on-prem deployment. Most users will skip this sub-section entirely.
https://docs.mistral.ai/studio-api/workflows/managing-workflows-in-production/reset_workflow,Reset Workflow,Models,Self-hosting,Workflows in production,Reset Workflow,MOVE from Build — production concern,Self-hosting content: only relevant to users running Mistral models outside the Mistral API endpoint — cloud providers or local/on-prem deployment. Most users will skip this sub-section entirely.
https://docs.mistral.ai/studio-api/workflows/observability,Workflow Observability,Build,Evaluate & Ship,Observability,Workflow Observability,,"Evaluate & Ship — final phase of Build. Belongs here if it answers ""is this ready to ship?"" — evals, quality assurance, safety gates, pre-production checks."
https://docs.mistral.ai/le-chat/overview,Le Chat Overview,Platform,Le Chat,Overview,,, Le Chat product landing: feature overview + getting started links
https://docs.mistral.ai/le-chat/conversation/chat,Chat,Platform,Le Chat,Conversation,Chat,, Feature guide: how the chat interface works; sending messages and context
https://docs.mistral.ai/le-chat/conversation/think-mode,Think Mode,Platform,Le Chat,Conversation,Think Mode,, Feature guide: reasoning mode for step-by-step problem solving
https://docs.mistral.ai/le-chat/conversation/voice-mode,Voice Mode,Platform,Le Chat,Conversation,Voice Mode,, Feature guide: voice input and transcription
https://docs.mistral.ai/le-chat/conversation/flash-answers,Flash Answers,Platform,Le Chat,Conversation,Flash Answers,, Feature guide: low-latency quick response mode
https://docs.mistral.ai/le-chat/content-creation/canvas,Canvas,Platform,Le Chat,Content Creation,Canvas,, Feature guide: collaborative AI workspace for document creation and editing
https://docs.mistral.ai/le-chat/content-creation/code-interpreter,Code Interpreter,Platform,Le Chat,Content Creation,Code Interpreter,, Feature guide: Python execution in-chat without writing code
https://docs.mistral.ai/le-chat/content-creation/image-generation,Image Generation,Platform,Le Chat,Content Creation,Image Generation,, Feature guide: generate images from natural language prompts
https://docs.mistral.ai/le-chat/research-analysis/files-upload,Files Upload,Platform,Le Chat,Research & Analysis,Files Upload,, Feature guide: upload documents + images for in-conversation analysis
https://docs.mistral.ai/le-chat/research-analysis/open-url,Open URL,Platform,Le Chat,Research & Analysis,Open URL,, Feature guide: fetch and analyze web page content
https://docs.mistral.ai/le-chat/research-analysis/web-search,Web Search,Platform,Le Chat,Research & Analysis,Web Search,, Feature guide: real-time web search from within a conversation
https://docs.mistral.ai/le-chat/research-analysis/deep-research,Deep Research,Platform,Le Chat,Research & Analysis,Deep Research,, Feature guide: multi-step autonomous research across sources
https://docs.mistral.ai/le-chat/knowledge-integrations/custom-instructions,Custom Instructions,Platform,Le Chat,Knowledge & Integrations,Custom Instructions,, Feature guide: persistent persona and behavior customization
https://docs.mistral.ai/le-chat/knowledge-integrations/projects,Projects,Platform,Le Chat,Knowledge & Integrations,Projects,, Feature guide: shared workspace for organizing conversations + files
https://docs.mistral.ai/le-chat/knowledge-integrations/agents,Agents (Le Chat),Platform,Le Chat,Knowledge & Integrations,Agents,, Feature guide: no-code custom agents in Le Chat — distinct from Studio API agents
https://docs.mistral.ai/le-chat/knowledge-integrations/memories,Memories,Platform,Le Chat,Knowledge & Integrations,Memories,, Feature guide: persistent user preferences stored across conversations
https://docs.mistral.ai/le-chat/knowledge-integrations/libraries,Libraries,Platform,Le Chat,Knowledge & Integrations,Libraries,, Feature guide: persistent document knowledge bases — distinct from Studio Libraries API
https://docs.mistral.ai/le-chat/knowledge-integrations/connectors,Connectors,Platform,Le Chat,Knowledge & Integrations,Connectors,, Feature guide: connect external services to Le Chat conversations
https://docs.mistral.ai/le-chat/knowledge-integrations/connectors/knowledge-connectors,Knowledge Connectors,Platform,Le Chat,Knowledge & Integrations,Connectors,, Feature guide: pre-built connectors for knowledge sources
https://docs.mistral.ai/le-chat/knowledge-integrations/connectors/mcp-connectors,MCP Connectors,Platform,Le Chat,Knowledge & Integrations,Connectors,, Feature guide: connect any MCP-compatible server to Le Chat
https://docs.mistral.ai/mistral-vibe/overview,Mistral Vibe Overview,Platform,Mistral Vibe,Overview,,, Product surface landing: what Vibe is + links to quickstarts
https://docs.mistral.ai/mistral-vibe/terminal,CLI Introduction,Platform,Mistral Vibe,CLI Introduction,,, Surface guide: terminal interface overview
https://docs.mistral.ai/mistral-vibe/terminal/install,Install,Platform,Mistral Vibe,Install,,, Setup: install Mistral Vibe as a Python package
https://docs.mistral.ai/mistral-vibe/terminal/quickstart,Quickstart,Platform,Mistral Vibe,Quickstart,,REDIRECT — canonical at /getting-started/quickstarts/vibe/install-and-first-prompt,First Vibe success — links to canonical Getting Started quickstart
https://docs.mistral.ai/mistral-vibe/terminal/configuration,Configuration,Platform,Mistral Vibe,Configuration,,, Setup: configure models API keys and behavior
https://docs.mistral.ai/mistral-vibe/agents-skills,Agents & Skills,Platform,Mistral Vibe,Agents & Skills,,, Feature guide: create reusable slash-command skills and agent behaviors
https://docs.mistral.ai/mistral-vibe/local,Offline / Local,Platform,Mistral Vibe,Offline / Local,,, Feature guide: run Vibe against locally deployed models
https://docs.mistral.ai/mistral-vibe/using-fim-api,Coding (FIM API),Platform,Mistral Vibe,Coding (FIM API),,, Feature guide: fill-in-the-middle API integration for IDE-style completions
https://docs.mistral.ai/admin,Admin,Admin,Overview,,,, Admin section landing: org setup + security + billing
https://docs.mistral.ai/admin/quickstarts/create-organization,Create an Organization,Admin,Quickstarts,Create an Organization,,, Admin quickstart: set up org + workspace + invite members + billing under 15 min
https://docs.mistral.ai/admin/quickstarts/configure-sso,Configure SSO,Admin,Quickstarts,Configure SSO,,, Admin quickstart: SAML SSO setup under 15 min
https://docs.mistral.ai/admin/quickstarts/manage-workspaces,Manage Workspaces & API Keys,Admin,Quickstarts,Manage Workspaces & API Keys,,, Admin quickstart: workspace isolation + key management under 10 min
https://docs.mistral.ai/admin/security-access/back-office,Admin Panel,Admin,Security & Access,Admin Panel,,, Feature guide: org dashboard + workspace settings in the console
https://docs.mistral.ai/admin/security-access/organization,Organizations & Workspaces,Admin,Security & Access,Organizations & Workspaces,,, Feature guide: org hierarchy model + workspace configuration
https://docs.mistral.ai/admin/security-access/sso,SSO,Admin,Security & Access,SSO,,, Feature guide: SAML-based SSO setup and IdP configuration
https://docs.mistral.ai/admin/security-access/email-domain-auth,Email Domain Auth,Admin,Security & Access,Email Domain Auth,,, Feature guide: auto-join org by verified email domain
https://docs.mistral.ai/admin/security-access/api-keys,API Keys,Admin,Security & Access,API Keys,,, Feature guide: create + rotate + revoke API keys per workspace
https://docs.mistral.ai/admin/security-access/audit-logs,Audit Logs,Admin,Security & Access,Audit Logs,,, Feature guide: org-level activity log for compliance and security review
https://docs.mistral.ai/admin/security-access/admin-api,Admin API,Admin,Security & Access,Admin API,,, Feature guide: programmatic org management via Admin API
https://docs.mistral.ai/admin/security-access/privacy,Privacy,Admin,Security & Access,Privacy,,, Policy guide: data handling + retention + GDPR-relevant admin settings
https://docs.mistral.ai/admin/user-management-finops/user-management,User Management,Admin,User Management & FinOps,User Management,,, Feature guide: invite + assign roles + manage permissions across org
https://docs.mistral.ai/admin/user-management-finops/subscriptions,Subscriptions,Admin,User Management & FinOps,Subscriptions,,, Feature guide: plan management and upgrades
https://docs.mistral.ai/admin/user-management-finops/billing,Billing,Admin,User Management & FinOps,Billing,,, Feature guide: invoices + payment methods + consumption tracking
https://docs.mistral.ai/admin/user-management-finops/tier,Rate Limits & Usage Tiers,Admin,User Management & FinOps,Rate Limits & Usage Tiers,,, Reference: tier-by-tier rate limits — cross-link from Build and Deploy
https://docs.mistral.ai/admin/user-management-finops/usage-limits,Usage Limits,Admin,User Management & FinOps,Usage Limits,,, Feature guide: set per-workspace spend + request caps
https://docs.mistral.ai/api,API Reference,Reference,API Reference,Overview,,, Exact spec: all endpoints — never explanatory prose; link to guide equivalents in Build
https://docs.mistral.ai/api/endpoint/chat,Chat Completions API,Reference,API Reference,Chat,,, Endpoint spec: /v1/chat/completions — parameters + schemas + response shapes
https://docs.mistral.ai/api/endpoint/agents,Agents API,Reference,API Reference,Agents,,, Endpoint spec: /v1/agents — stable endpoint
https://docs.mistral.ai/api/endpoint/audio/speech,Audio Speech API,Reference,API Reference,Audio,Speech,, Endpoint spec: /v1/audio/speech (TTS)
https://docs.mistral.ai/api/endpoint/audio/transcriptions,Audio Transcriptions API,Reference,API Reference,Audio,Transcriptions,, Endpoint spec: /v1/audio/transcriptions
https://docs.mistral.ai/api/endpoint/audio/voices,Audio Voices API,Reference,API Reference,Audio,Voices,, Endpoint spec: /v1/audio/voices — list available voices
https://docs.mistral.ai/api/endpoint/batch,Batch API,Reference,API Reference,Batch,,, Endpoint spec: /v1/batch
https://docs.mistral.ai/api/endpoint/classifiers,Classifiers API,Reference,API Reference,Classifiers,,, Endpoint spec: /v1/classifiers
https://docs.mistral.ai/api/endpoint/embeddings,Embeddings API,Reference,API Reference,Embeddings,,, Endpoint spec: /v1/embeddings
https://docs.mistral.ai/api/endpoint/files,Files API,Reference,API Reference,Files,,, Endpoint spec: /v1/files — upload and manage files for batch + fine-tuning
https://docs.mistral.ai/api/endpoint/fim,FIM API,Reference,API Reference,FIM,,, Endpoint spec: /v1/fim — fill-in-the-middle code completion
https://docs.mistral.ai/api/endpoint/fine-tuning,Fine-Tuning API,Reference,API Reference,Fine-Tuning,,, Endpoint spec: /v1/fine_tuning
https://docs.mistral.ai/api/endpoint/models,Models API,Reference,API Reference,Models,,, Endpoint spec: /v1/models — list available models
https://docs.mistral.ai/api/endpoint/ocr,OCR API,Reference,API Reference,OCR,,, Endpoint spec: /v1/ocr
https://docs.mistral.ai/api/endpoint/beta/agents,Beta Agents API,Reference,API Reference,Beta,Agents,, Beta endpoint spec: new agents API (conversations-based)
https://docs.mistral.ai/api/endpoint/beta/conversations,Beta Conversations API,Reference,API Reference,Beta,Conversations,, Beta endpoint spec: managed conversation state
https://docs.mistral.ai/api/endpoint/beta/libraries,Beta Libraries API,Reference,API Reference,Beta,Libraries,, Beta endpoint spec: managed document libraries
https://docs.mistral.ai/api/endpoint/beta/libraries/accesses,Beta Libraries Accesses,Reference,API Reference,Beta,Libraries: Accesses,, Beta endpoint spec: access control on libraries
https://docs.mistral.ai/api/endpoint/beta/libraries/documents,Beta Libraries Documents,Reference,API Reference,Beta,Libraries: Documents,, Beta endpoint spec: documents within a library
https://docs.mistral.ai/api/endpoint/beta/observability/campaigns,Beta Observability Campaigns,Reference,API Reference,Beta,Observability: Campaigns,, Beta endpoint spec: run eval campaigns via API
https://docs.mistral.ai/api/endpoint/beta/observability/chat_completion_events,Beta Chat Completion Events,Reference,API Reference,Beta,Observability: Events,, Beta endpoint spec: retrieve logged completion events
https://docs.mistral.ai/api/endpoint/beta/observability/chat_completion_events/fields,Beta Events Fields,Reference,API Reference,Beta,Observability: Events Fields,, Beta endpoint spec: filterable fields on completion events
https://docs.mistral.ai/api/endpoint/beta/observability/datasets,Beta Observability Datasets,Reference,API Reference,Beta,Observability: Datasets,, Beta endpoint spec: create + manage eval datasets
https://docs.mistral.ai/api/endpoint/beta/observability/datasets/records,Beta Dataset Records,Reference,API Reference,Beta,Observability: Dataset Records,, Beta endpoint spec: records within a dataset
https://docs.mistral.ai/api/endpoint/beta/observability/judges,Beta Observability Judges,Reference,API Reference,Beta,Observability: Judges,, Beta endpoint spec: create + run LLM judges
https://docs.mistral.ai/api/endpoint/beta/workflows,Beta Workflows API,Reference,API Reference,Beta,Workflows,, Beta endpoint spec: workflow management API
https://docs.mistral.ai/api/endpoint/beta/workflows/deployments,Beta Workflow Deployments,Reference,API Reference,Beta,Workflows: Deployments,, Beta endpoint spec
https://docs.mistral.ai/api/endpoint/beta/workflows/events,Beta Workflow Events,Reference,API Reference,Beta,Workflows: Events,, Beta endpoint spec
https://docs.mistral.ai/api/endpoint/beta/workflows/executions,Beta Workflow Executions,Reference,API Reference,Beta,Workflows: Executions,, Beta endpoint spec
https://docs.mistral.ai/api/endpoint/beta/workflows/metrics,Beta Workflow Metrics,Reference,API Reference,Beta,Workflows: Metrics,, Beta endpoint spec
https://docs.mistral.ai/api/endpoint/beta/workflows/runs,Beta Workflow Runs,Reference,API Reference,Beta,Workflows: Runs,, Beta endpoint spec
https://docs.mistral.ai/api/endpoint/beta/workflows/schedules,Beta Workflow Schedules,Reference,API Reference,Beta,Workflows: Schedules,, Beta endpoint spec
https://docs.mistral.ai/api/endpoint/beta/workflows/workers,Beta Workflow Workers,Reference,API Reference,Beta,Workflows: Workers,, Beta endpoint spec
https://docs.mistral.ai/api/endpoint/deprecated/agents,Deprecated Agents API,Reference,API Reference,Deprecated,Agents API,, Deprecated endpoint spec — clearly labelled; link to replacement
https://docs.mistral.ai/api/endpoint/deprecated/fine-tuning,Deprecated Fine-Tuning API,Reference,API Reference,Deprecated,Fine-Tuning API,, Deprecated endpoint spec — clearly labelled
https://docs.mistral.ai/resources/sdks,SDKs,Reference,SDKs,,,, Install + method reference for Python + TypeScript SDKs; quickstart lives in Get Started
https://docs.mistral.ai/resources/changelogs,Changelog,Reference,Changelog,,,, Release history: API changes + new models + deprecations + breaking changes
https://docs.mistral.ai/resources/migration-guides,Migration Guides,Reference,Migration Guides,,,, Versioned guides for breaking changes: old behavior → new behavior + code diffs
https://docs.mistral.ai/resources/error-glossary,Error Glossary,Reference,Errors & Troubleshooting,Error Glossary,,, Error codes + messages + remediation steps — exact reference
https://docs.mistral.ai/resources/known-limitations,Known Limitations,Reference,Errors & Troubleshooting,Known Limitations,,, Current platform constraints: exact reference not guidance
https://docs.mistral.ai/resources/observability-integrations,Observability Integrations,Reference,Observability Integrations,,,, Third-party integration reference: LangFuse + MLflow + Phoenix + OpenTelemetry setup guides
https://docs.mistral.ai/resources/deprecated/customization,Model Customization (deprecated),Reference,Deprecated,Model Customization,,, Deprecated: clearly labelled; link to current fine-tuning if applicable
https://docs.mistral.ai/resources/deprecated/finetuning,Fine-Tuning (deprecated),Reference,Deprecated,Fine-Tuning,,, Deprecated: clearly labelled; link to current API
https://docs.mistral.ai/resources/deprecated/finetuning/text_vision_finetuning,Text & Vision Fine-Tuning (deprecated),Reference,Deprecated,Fine-Tuning,Text & Vision,, Deprecated sub-guide
https://docs.mistral.ai/resources/deprecated/finetuning/classifier_factory,Classifier Factory (deprecated),Reference,Deprecated,Fine-Tuning,Classifier Factory,, Deprecated sub-guide
https://docs.mistral.ai/resources/deprecated/guardrailing/mistral_moderation_2411,Mistral Moderation 2411 (deprecated),Reference,Deprecated,Guardrailing,Mistral Moderation 2411,, Deprecated: old moderation approach — link to current safety-moderation
https://docs.mistral.ai/resources/deprecated/guardrailing/safe_prompt,Safe Prompt (deprecated),Reference,Deprecated,Guardrailing,Safe Prompt,, Deprecated: safe_prompt flag — link to current moderation approach
https://docs.mistral.ai/community,Community,Community,Overview,,,, Community landing — lives outside main IA; footer link not nav item
https://docs.mistral.ai/community/ambassadors,Ambassadors,Community,Ambassadors,,,, Community program — footer link not nav item
https://docs.mistral.ai/robots,Robots & Crawlers,Reference,Robots & Crawlers,,,MOVE from Deprecated — not deprecated content,Technical note: how Mistral crawlers identify themselves; not deprecated
https://docs.mistral.ai/cookbooks/quickstart,Cookbooks Quickstart,Get Started,Quickstarts,Developer,First API Request,REDIRECT to /getting-started/quickstarts/developer/first-api-request,Duplicate quickstart — consolidate into canonical Getting Started path
https://docs.mistral.ai/resources/cookbooks,Cookbooks Index,Cookbooks,Overview,,,,Browsable index of all examples — organised by task topic mirroring Build sections; discovery happens inline from Build pages
https://docs.mistral.ai/cookbooks/concept-deep-dive-prompting-prompt_optimization,Prompt Optimization,Cookbooks,Concept Deep Dives,Prompting,,,Code example illustrating a task — surfaced inline from the corresponding Build page (1–3 related examples); browsable here by topic mirroring Build taxonomy
https://docs.mistral.ai/cookbooks/concept-deep-dive-quantization-readme,Quantization Overview,Cookbooks,Concept Deep Dives,Quantization,,,Code example illustrating a task — surfaced inline from the corresponding Build page (1–3 related examples); browsable here by topic mirroring Build taxonomy
https://docs.mistral.ai/cookbooks/concept-deep-dive-quantization-methods-awq,Quantization — AWQ,Cookbooks,Concept Deep Dives,Quantization,,,Code example illustrating a task — surfaced inline from the corresponding Build page (1–3 related examples); browsable here by topic mirroring Build taxonomy
https://docs.mistral.ai/cookbooks/concept-deep-dive-quantization-methods-bnb,Quantization — BnB,Cookbooks,Concept Deep Dives,Quantization,,,Code example illustrating a task — surfaced inline from the corresponding Build page (1–3 related examples); browsable here by topic mirroring Build taxonomy
https://docs.mistral.ai/cookbooks/concept-deep-dive-quantization-methods-exl2,Quantization — EXL2,Cookbooks,Concept Deep Dives,Quantization,,,Code example illustrating a task — surfaced inline from the corresponding Build page (1–3 related examples); browsable here by topic mirroring Build taxonomy
https://docs.mistral.ai/cookbooks/concept-deep-dive-quantization-methods-gguf,Quantization — GGUF,Cookbooks,Concept Deep Dives,Quantization,,,Code example illustrating a task — surfaced inline from the corresponding Build page (1–3 related examples); browsable here by topic mirroring Build taxonomy
https://docs.mistral.ai/cookbooks/concept-deep-dive-quantization-methods-gptq,Quantization — GPTQ,Cookbooks,Concept Deep Dives,Quantization,,,Code example illustrating a task — surfaced inline from the corresponding Build page (1–3 related examples); browsable here by topic mirroring Build taxonomy
https://docs.mistral.ai/cookbooks/concept-deep-dive-sampling-readme,Sampling Overview,Cookbooks,Concept Deep Dives,Sampling,,,Code example illustrating a task — surfaced inline from the corresponding Build page (1–3 related examples); browsable here by topic mirroring Build taxonomy
https://docs.mistral.ai/cookbooks/concept-deep-dive-sampling-temperature,Temperature,Cookbooks,Concept Deep Dives,Sampling,,,Code example illustrating a task — surfaced inline from the corresponding Build page (1–3 related examples); browsable here by topic mirroring Build taxonomy
https://docs.mistral.ai/cookbooks/concept-deep-dive-sampling-top_k,Top-K Sampling,Cookbooks,Concept Deep Dives,Sampling,,,Code example illustrating a task — surfaced inline from the corresponding Build page (1–3 related examples); browsable here by topic mirroring Build taxonomy
https://docs.mistral.ai/cookbooks/concept-deep-dive-sampling-top_p,Top-P (Nucleus) Sampling,Cookbooks,Concept Deep Dives,Sampling,,,Code example illustrating a task — surfaced inline from the corresponding Build page (1–3 related examples); browsable here by topic mirroring Build taxonomy
https://docs.mistral.ai/cookbooks/concept-deep-dive-tokenization-readme,Tokenization Overview,Cookbooks,Concept Deep Dives,Tokenization,,,Code example illustrating a task — surfaced inline from the corresponding Build page (1–3 related examples); browsable here by topic mirroring Build taxonomy
https://docs.mistral.ai/cookbooks/concept-deep-dive-tokenization-basics,Tokenization Basics,Cookbooks,Concept Deep Dives,Tokenization,,,Code example illustrating a task — surfaced inline from the corresponding Build page (1–3 related examples); browsable here by topic mirroring Build taxonomy
https://docs.mistral.ai/cookbooks/concept-deep-dive-tokenization-boundaries,Token Boundaries,Cookbooks,Concept Deep Dives,Tokenization,,,Code example illustrating a task — surfaced inline from the corresponding Build page (1–3 related examples); browsable here by topic mirroring Build taxonomy
https://docs.mistral.ai/cookbooks/concept-deep-dive-tokenization-chat_templates,Chat Templates,Cookbooks,Concept Deep Dives,Tokenization,,,Code example illustrating a task — surfaced inline from the corresponding Build page (1–3 related examples); browsable here by topic mirroring Build taxonomy
https://docs.mistral.ai/cookbooks/concept-deep-dive-tokenization-control_tokens,Control Tokens,Cookbooks,Concept Deep Dives,Tokenization,,,Code example illustrating a task — surfaced inline from the corresponding Build page (1–3 related examples); browsable here by topic mirroring Build taxonomy
https://docs.mistral.ai/cookbooks/concept-deep-dive-tokenization-templates,Tokenization Templates,Cookbooks,Concept Deep Dives,Tokenization,,,Code example illustrating a task — surfaced inline from the corresponding Build page (1–3 related examples); browsable here by topic mirroring Build taxonomy
https://docs.mistral.ai/cookbooks/concept-deep-dive-tokenization-tokenizer,Tokenizer,Cookbooks,Concept Deep Dives,Tokenization,,,Code example illustrating a task — surfaced inline from the corresponding Build page (1–3 related examples); browsable here by topic mirroring Build taxonomy
https://docs.mistral.ai/cookbooks/concept-deep-dive-tokenization-tool_calling,Tool Calling Tokens,Cookbooks,Concept Deep Dives,Tokenization,,,Code example illustrating a task — surfaced inline from the corresponding Build page (1–3 related examples); browsable here by topic mirroring Build taxonomy
https://docs.mistral.ai/cookbooks/mistral-prompting-prompting_capabilities,Prompting Capabilities,Cookbooks,Prompting,Prompting Capabilities,,,Code example illustrating a task — surfaced inline from the corresponding Build page (1–3 related examples); browsable here by topic mirroring Build taxonomy
https://docs.mistral.ai/cookbooks/mistral-prompting-prefix_use_cases,Prefix Use Cases,Cookbooks,Prompting,Prefix Use Cases,,,Code example illustrating a task — surfaced inline from the corresponding Build page (1–3 related examples); browsable here by topic mirroring Build taxonomy
https://docs.mistral.ai/cookbooks/mistral-rag-basic_rag,Basic RAG,Cookbooks,RAG & Knowledge,Basic RAG,,,Code example illustrating a task — surfaced inline from the corresponding Build page (1–3 related examples); browsable here by topic mirroring Build taxonomy
https://docs.mistral.ai/cookbooks/mistral-rag-mistral-reference-rag,Reference RAG,Cookbooks,RAG & Knowledge,Reference RAG,,,Code example illustrating a task — surfaced inline from the corresponding Build page (1–3 related examples); browsable here by topic mirroring Build taxonomy
https://docs.mistral.ai/cookbooks/mistral-rag-mistral-search-engine,Search Engine,Cookbooks,RAG & Knowledge,Search Engine,,,Code example illustrating a task — surfaced inline from the corresponding Build page (1–3 related examples); browsable here by topic mirroring Build taxonomy
https://docs.mistral.ai/cookbooks/mistral-rag-rag_via_function_calling,RAG via Function Calling,Cookbooks,RAG & Knowledge,RAG via Function Calling,,,Code example illustrating a task — surfaced inline from the corresponding Build page (1–3 related examples); browsable here by topic mirroring Build taxonomy
https://docs.mistral.ai/cookbooks/mistral-embeddings-embeddings,Embeddings,Cookbooks,Embeddings,Embeddings,,,Code example illustrating a task — surfaced inline from the corresponding Build page (1–3 related examples); browsable here by topic mirroring Build taxonomy
https://docs.mistral.ai/cookbooks/mistral-embeddings-code_embedding,Code Embeddings,Cookbooks,Embeddings,Code Embeddings,,,Code example illustrating a task — surfaced inline from the corresponding Build page (1–3 related examples); browsable here by topic mirroring Build taxonomy
https://docs.mistral.ai/cookbooks/mistral-embeddings-dequantization,Embedding Dequantization,Cookbooks,Embeddings,Dequantization,,,Code example illustrating a task — surfaced inline from the corresponding Build page (1–3 related examples); browsable here by topic mirroring Build taxonomy
https://docs.mistral.ai/cookbooks/mistral-function_calling-function_calling,Function Calling,Cookbooks,Function Calling & Structured,Function Calling,,,Code example illustrating a task — surfaced inline from the corresponding Build page (1–3 related examples); browsable here by topic mirroring Build taxonomy
https://docs.mistral.ai/cookbooks/mistral-function_calling-text_to_sql,Text to SQL,Cookbooks,Function Calling & Structured,Text to SQL,,,Code example illustrating a task — surfaced inline from the corresponding Build page (1–3 related examples); browsable here by topic mirroring Build taxonomy
https://docs.mistral.ai/cookbooks/mistral-agents-agents_api-financial_analyst-readme,Financial Analyst Agent,Cookbooks,Agents,Financial Analyst,,,Code example illustrating a task — surfaced inline from the corresponding Build page (1–3 related examples); browsable here by topic mirroring Build taxonomy
https://docs.mistral.ai/cookbooks/mistral-agents-agents_api-food_diet_companion-readme.md,Food & Diet Companion Agent,Cookbooks,Agents,Food & Diet Companion,,,Code example illustrating a task — surfaced inline from the corresponding Build page (1–3 related examples); browsable here by topic mirroring Build taxonomy
https://docs.mistral.ai/cookbooks/mistral-agents-agents_api-github_agent-readme,GitHub Agent,Cookbooks,Agents,GitHub Agent,,,Code example illustrating a task — surfaced inline from the corresponding Build page (1–3 related examples); browsable here by topic mirroring Build taxonomy
https://docs.mistral.ai/cookbooks/mistral-agents-agents_api-multi_agents_data_analysis-readme,Multi-Agent Data Analysis,Cookbooks,Agents,Multi-Agent Data Analysis,,,Code example illustrating a task — surfaced inline from the corresponding Build page (1–3 related examples); browsable here by topic mirroring Build taxonomy
https://docs.mistral.ai/cookbooks/mistral-agents-agents_api-prd_linear_ticket-readme,PRD to Linear Ticket Agent,Cookbooks,Agents,PRD to Linear Ticket,,,Code example illustrating a task — surfaced inline from the corresponding Build page (1–3 related examples); browsable here by topic mirroring Build taxonomy
https://docs.mistral.ai/cookbooks/mistral-agents-non_framework-agentic_workflows-parallel_subtask_agentic_workflow,Parallel Subtask Workflow,Cookbooks,Agents,Parallel Subtask Workflow,,,Code example illustrating a task — surfaced inline from the corresponding Build page (1–3 related examples); browsable here by topic mirroring Build taxonomy
https://docs.mistral.ai/cookbooks/mistral-agents-non_framework-agentic_workflows-serial_chain_agentic_workflow,Serial Chain Workflow,Cookbooks,Agents,Serial Chain Workflow,,,Code example illustrating a task — surfaced inline from the corresponding Build page (1–3 related examples); browsable here by topic mirroring Build taxonomy
https://docs.mistral.ai/cookbooks/mistral-agents-non_framework-earnings_calls-multi_agent_earnings_call_analysis_system_(maecas),Earnings Call Analysis System,Cookbooks,Agents,Earnings Call Analysis,,,Code example illustrating a task — surfaced inline from the corresponding Build page (1–3 related examples); browsable here by topic mirroring Build taxonomy
https://docs.mistral.ai/cookbooks/mistral-agents-non_framework-hubspot_dynamic_multi_agent-hubspot_dynamic_multi_agent_system,HubSpot Multi-Agent System,Cookbooks,Agents,HubSpot Multi-Agent,,,Code example illustrating a task — surfaced inline from the corresponding Build page (1–3 related examples); browsable here by topic mirroring Build taxonomy
https://docs.mistral.ai/cookbooks/mistral-agents-non_framework-industrial_knowledge_agent-industrialknowledgeagent,Industrial Knowledge Agent,Cookbooks,Agents,Industrial Knowledge Agent,,,Code example illustrating a task — surfaced inline from the corresponding Build page (1–3 related examples); browsable here by topic mirroring Build taxonomy
https://docs.mistral.ai/cookbooks/mistral-agents-non_framework-recruitment_agent-multi_agent_workflow_for_recruitment,Recruitment Agent,Cookbooks,Agents,Recruitment Agent,,,Code example illustrating a task — surfaced inline from the corresponding Build page (1–3 related examples); browsable here by topic mirroring Build taxonomy
https://docs.mistral.ai/cookbooks/mistral-agents-non_framework-transcript_linearticket_agent-transcripttolinearticketagent,Transcript to Linear Ticket,Cookbooks,Agents,Transcript to Linear Ticket,,,Code example illustrating a task — surfaced inline from the corresponding Build page (1–3 related examples); browsable here by topic mirroring Build taxonomy
https://docs.mistral.ai/cookbooks/mistral-connectors-01-connectors-management,Connectors Management,Cookbooks,Connectors,Connectors Management,,,Code example illustrating a task — surfaced inline from the corresponding Build page (1–3 related examples); browsable here by topic mirroring Build taxonomy
https://docs.mistral.ai/cookbooks/mistral-connectors-02-connectors-in-conversations-and-agents,Connectors in Conversations & Agents,Cookbooks,Connectors,Connectors in Conversations,,,Code example illustrating a task — surfaced inline from the corresponding Build page (1–3 related examples); browsable here by topic mirroring Build taxonomy
https://docs.mistral.ai/cookbooks/mistral-connectors-03-connectors-tool-calling,Connectors as Tools,Cookbooks,Connectors,Connectors as Tools,,,Code example illustrating a task — surfaced inline from the corresponding Build page (1–3 related examples); browsable here by topic mirroring Build taxonomy
https://docs.mistral.ai/cookbooks/mistral-connectors-04-human-in-the-loop-confirmation,Human-in-the-Loop Confirmation,Cookbooks,Connectors,Human-in-the-Loop,,,Code example illustrating a task — surfaced inline from the corresponding Build page (1–3 related examples); browsable here by topic mirroring Build taxonomy
https://docs.mistral.ai/cookbooks/mistral-connectors-05-connectors-in-completions,Connectors in Completions,Cookbooks,Connectors,Connectors in Completions,,,Code example illustrating a task — surfaced inline from the corresponding Build page (1–3 related examples); browsable here by topic mirroring Build taxonomy
https://docs.mistral.ai/cookbooks/mistral-ocr-batch_ocr,Batch OCR,Cookbooks,Document Processing,Batch OCR,,,Code example illustrating a task — surfaced inline from the corresponding Build page (1–3 related examples); browsable here by topic mirroring Build taxonomy
https://docs.mistral.ai/cookbooks/mistral-ocr-data_extraction,Data Extraction,Cookbooks,Document Processing,Data Extraction,,,Code example illustrating a task — surfaced inline from the corresponding Build page (1–3 related examples); browsable here by topic mirroring Build taxonomy
https://docs.mistral.ai/cookbooks/mistral-ocr-document_understanding,Document Understanding,Cookbooks,Document Processing,Document Understanding,,,Code example illustrating a task — surfaced inline from the corresponding Build page (1–3 related examples); browsable here by topic mirroring Build taxonomy
https://docs.mistral.ai/cookbooks/mistral-ocr-documentchunking-readme,Document Chunking,Cookbooks,Document Processing,Document Chunking,,,Code example illustrating a task — surfaced inline from the corresponding Build page (1–3 related examples); browsable here by topic mirroring Build taxonomy
https://docs.mistral.ai/cookbooks/mistral-ocr-hcls-ocr_hcls,Healthcare OCR,Cookbooks,Document Processing,Healthcare OCR,,,Code example illustrating a task — surfaced inline from the corresponding Build page (1–3 related examples); browsable here by topic mirroring Build taxonomy
https://docs.mistral.ai/cookbooks/mistral-ocr-product_datasheet_analysis-product_datasheet_analysis,Product Datasheet Analysis,Cookbooks,Document Processing,Product Datasheet Analysis,,,Code example illustrating a task — surfaced inline from the corresponding Build page (1–3 related examples); browsable here by topic mirroring Build taxonomy
https://docs.mistral.ai/cookbooks/mistral-ocr-structured_ocr,Structured OCR,Cookbooks,Document Processing,Structured OCR,,,Code example illustrating a task — surfaced inline from the corresponding Build page (1–3 related examples); browsable here by topic mirroring Build taxonomy
https://docs.mistral.ai/cookbooks/mistral-ocr-tool_usage,OCR with Tool Use,Cookbooks,Document Processing,OCR with Tool Use,,,Code example illustrating a task — surfaced inline from the corresponding Build page (1–3 related examples); browsable here by topic mirroring Build taxonomy
https://docs.mistral.ai/cookbooks/mistral-image_understanding-batch_api_example,Image Understanding — Batch,Cookbooks,Vision,Image Understanding Batch,,,Code example illustrating a task — surfaced inline from the corresponding Build page (1–3 related examples); browsable here by topic mirroring Build taxonomy
https://docs.mistral.ai/cookbooks/mistral-image_understanding-image_description_prompting_pixtral,Image Description Prompting,Cookbooks,Vision,Image Description Prompting,,,Code example illustrating a task — surfaced inline from the corresponding Build page (1–3 related examples); browsable here by topic mirroring Build taxonomy
https://docs.mistral.ai/cookbooks/mistral-image_understanding-multimodality_meets_function_calling,Multimodal + Function Calling,Cookbooks,Vision,Multimodal + Function Calling,,,Code example illustrating a task — surfaced inline from the corresponding Build page (1–3 related examples); browsable here by topic mirroring Build taxonomy
https://docs.mistral.ai/cookbooks/mistral-moderation-moderation-explored,Moderation Explored,Cookbooks,Safety & Moderation,Moderation Explored,,,Code example illustrating a task — surfaced inline from the corresponding Build page (1–3 related examples); browsable here by topic mirroring Build taxonomy
https://docs.mistral.ai/cookbooks/mistral-moderation-system-level-guardrails,System-Level Guardrails,Cookbooks,Safety & Moderation,System-Level Guardrails,,,Code example illustrating a task — surfaced inline from the corresponding Build page (1–3 related examples); browsable here by topic mirroring Build taxonomy
https://docs.mistral.ai/cookbooks/mistral-classifier_factory-intent_classification,Intent Classification,Cookbooks,Classification,Intent Classification,,,Code example illustrating a task — surfaced inline from the corresponding Build page (1–3 related examples); browsable here by topic mirroring Build taxonomy
https://docs.mistral.ai/cookbooks/mistral-classifier_factory-moderation_classifier,Moderation Classifier,Cookbooks,Classification,Moderation Classifier,,,Code example illustrating a task — surfaced inline from the corresponding Build page (1–3 related examples); browsable here by topic mirroring Build taxonomy
https://docs.mistral.ai/cookbooks/mistral-classifier_factory-product_classification,Product Classification,Cookbooks,Classification,Product Classification,,,Code example illustrating a task — surfaced inline from the corresponding Build page (1–3 related examples); browsable here by topic mirroring Build taxonomy
https://docs.mistral.ai/cookbooks/mistral-evaluation-evaluation,Evaluation,Cookbooks,Evaluation,Evaluation,,,Code example illustrating a task — surfaced inline from the corresponding Build page (1–3 related examples); browsable here by topic mirroring Build taxonomy
https://docs.mistral.ai/cookbooks/mistral-evaluation-rag_evaluation,RAG Evaluation,Cookbooks,Evaluation,RAG Evaluation,,,Code example illustrating a task — surfaced inline from the corresponding Build page (1–3 related examples); browsable here by topic mirroring Build taxonomy
https://docs.mistral.ai/cookbooks/mistral-data_generation-data_generation_refining_news,Data Generation — Refining News,Cookbooks,Fine-Tuning & Data,Data Generation: News,,,Code example illustrating a task — surfaced inline from the corresponding Build page (1–3 related examples); browsable here by topic mirroring Build taxonomy
https://docs.mistral.ai/cookbooks/mistral-data_generation-synthetic_data_gen_and_finetune,Synthetic Data + Fine-Tune,Cookbooks,Fine-Tuning & Data,Synthetic Data + Fine-Tune,,,Code example illustrating a task — surfaced inline from the corresponding Build page (1–3 related examples); browsable here by topic mirroring Build taxonomy
https://docs.mistral.ai/cookbooks/mistral-fine_tune-mistral_finetune_api,Mistral Fine-Tune API,Cookbooks,Fine-Tuning & Data,Fine-Tune API,,,Code example illustrating a task — surfaced inline from the corresponding Build page (1–3 related examples); browsable here by topic mirroring Build taxonomy
https://docs.mistral.ai/cookbooks/mistral-fine_tune-pixtral_finetune_on_satellite_data,Pixtral Fine-Tune on Satellite Data,Cookbooks,Fine-Tuning & Data,Pixtral Fine-Tune,,,Code example illustrating a task — surfaced inline from the corresponding Build page (1–3 related examples); browsable here by topic mirroring Build taxonomy
https://docs.mistral.ai/cookbooks/mistral-lechat_custom_mcp_server-tic-tac-toe-readme,Le Chat Custom MCP Server,Cookbooks,Le Chat & MCP,Le Chat Custom MCP Server,,,Code example illustrating a task — surfaced inline from the corresponding Build page (1–3 related examples); browsable here by topic mirroring Build taxonomy
https://docs.mistral.ai/cookbooks/third_party-argilla-distilabel_synthetic_dpo_dataset,Argilla — Synthetic DPO Dataset,Cookbooks,Third-Party Integrations,Argilla,,,Code example illustrating a task — surfaced inline from the corresponding Build page (1–3 related examples); browsable here by topic mirroring Build taxonomy
https://docs.mistral.ai/cookbooks/third_party-azure_ai_search-azure_ai_search_rag,Azure AI Search — RAG,Cookbooks,Third-Party Integrations,Azure AI Search,,,Code example illustrating a task — surfaced inline from the corresponding Build page (1–3 related examples); browsable here by topic mirroring Build taxonomy
https://docs.mistral.ai/cookbooks/third_party-camel_ai-camel_graph_rag,CamelAI — Graph RAG,Cookbooks,Third-Party Integrations,CamelAI,,,Code example illustrating a task — surfaced inline from the corresponding Build page (1–3 related examples); browsable here by topic mirroring Build taxonomy
https://docs.mistral.ai/cookbooks/third_party-camel_ai-camel_roleplaying_scraper,CamelAI — Roleplaying Scraper,Cookbooks,Third-Party Integrations,CamelAI,,,Code example illustrating a task — surfaced inline from the corresponding Build page (1–3 related examples); browsable here by topic mirroring Build taxonomy
https://docs.mistral.ai/cookbooks/third_party-chainlit-chainlit_mistral_reasoning,Chainlit — Mistral Reasoning,Cookbooks,Third-Party Integrations,Chainlit,,,Code example illustrating a task — surfaced inline from the corresponding Build page (1–3 related examples); browsable here by topic mirroring Build taxonomy
https://docs.mistral.ai/cookbooks/third_party-chromadb-chroma_mistral_embed_fn,ChromaDB — Mistral Embed,Cookbooks,Third-Party Integrations,ChromaDB,,,Code example illustrating a task — surfaced inline from the corresponding Build page (1–3 related examples); browsable here by topic mirroring Build taxonomy
https://docs.mistral.ai/cookbooks/third_party-e2b_code_interpreting-codestral-code-interpreter-js-readme,E2B — Code Interpreter (JS),Cookbooks,Third-Party Integrations,E2B,,,Code example illustrating a task — surfaced inline from the corresponding Build page (1–3 related examples); browsable here by topic mirroring Build taxonomy
https://docs.mistral.ai/cookbooks/third_party-e2b_code_interpreting-codestral-code-interpreter-python-codestral_code_interpreter,E2B — Code Interpreter (Python),Cookbooks,Third-Party Integrations,E2B,,,Code example illustrating a task — surfaced inline from the corresponding Build page (1–3 related examples); browsable here by topic mirroring Build taxonomy
https://docs.mistral.ai/cookbooks/third_party-e2b_code_interpreting-codestral-code-interpreter-python-readme,E2B — Code Interpreter Readme,Cookbooks,Third-Party Integrations,E2B,,,Code example illustrating a task — surfaced inline from the corresponding Build page (1–3 related examples); browsable here by topic mirroring Build taxonomy
https://docs.mistral.ai/cookbooks/third_party-gradio-mistralocr,Gradio — Mistral OCR,Cookbooks,Third-Party Integrations,Gradio,,,Code example illustrating a task — surfaced inline from the corresponding Build page (1–3 related examples); browsable here by topic mirroring Build taxonomy
https://docs.mistral.ai/cookbooks/third_party-gradio-readme,Gradio — Overview,Cookbooks,Third-Party Integrations,Gradio,,,Code example illustrating a task — surfaced inline from the corresponding Build page (1–3 related examples); browsable here by topic mirroring Build taxonomy
https://docs.mistral.ai/cookbooks/third_party-haystack-haystack_chat_with_docs,Haystack — Chat with Docs,Cookbooks,Third-Party Integrations,Haystack,,,Code example illustrating a task — surfaced inline from the corresponding Build page (1–3 related examples); browsable here by topic mirroring Build taxonomy
https://docs.mistral.ai/cookbooks/third_party-indexify-pdf-entity-extraction-pdf-entity-extraction,Indexify — PDF Entity Extraction,Cookbooks,Third-Party Integrations,Indexify,,,Code example illustrating a task — surfaced inline from the corresponding Build page (1–3 related examples); browsable here by topic mirroring Build taxonomy
https://docs.mistral.ai/cookbooks/third_party-indexify-pdf-summarization-pdf-summarization,Indexify — PDF Summarization,Cookbooks,Third-Party Integrations,Indexify,,,Code example illustrating a task — surfaced inline from the corresponding Build page (1–3 related examples); browsable here by topic mirroring Build taxonomy
https://docs.mistral.ai/cookbooks/third_party-langchain-adaptive_rag_mistral,LangChain — Adaptive RAG,Cookbooks,Third-Party Integrations,LangChain,,,Code example illustrating a task — surfaced inline from the corresponding Build page (1–3 related examples); browsable here by topic mirroring Build taxonomy
https://docs.mistral.ai/cookbooks/third_party-langchain-langgraph_code_assistant_mistral,LangGraph — Code Assistant,Cookbooks,Third-Party Integrations,LangChain / LangGraph,,,Code example illustrating a task — surfaced inline from the corresponding Build page (1–3 related examples); browsable here by topic mirroring Build taxonomy
https://docs.mistral.ai/cookbooks/third_party-langfuse-cookbook_langfuse_mistral_sdk_integration,LangFuse — Mistral SDK Integration,Cookbooks,Third-Party Integrations,LangFuse,,,Code example illustrating a task — surfaced inline from the corresponding Build page (1–3 related examples); browsable here by topic mirroring Build taxonomy
https://docs.mistral.ai/cookbooks/third_party-langfuse-cookbook_langfuse_posthog_llama_langfuse,LangFuse + PostHog,Cookbooks,Third-Party Integrations,LangFuse,,,Code example illustrating a task — surfaced inline from the corresponding Build page (1–3 related examples); browsable here by topic mirroring Build taxonomy
https://docs.mistral.ai/cookbooks/third_party-langtrace-langtrace_mistral,LangTrace,Cookbooks,Third-Party Integrations,LangTrace,,,Code example illustrating a task — surfaced inline from the corresponding Build page (1–3 related examples); browsable here by topic mirroring Build taxonomy
https://docs.mistral.ai/cookbooks/third_party-llamaindex-rag,LlamaIndex — RAG,Cookbooks,Third-Party Integrations,LlamaIndex,,,Code example illustrating a task — surfaced inline from the corresponding Build page (1–3 related examples); browsable here by topic mirroring Build taxonomy
https://docs.mistral.ai/cookbooks/third_party-llamaindex-adaptive_rag,LlamaIndex — Adaptive RAG,Cookbooks,Third-Party Integrations,LlamaIndex,,,Code example illustrating a task — surfaced inline from the corresponding Build page (1–3 related examples); browsable here by topic mirroring Build taxonomy
https://docs.mistral.ai/cookbooks/third_party-llamaindex-agents_tools,LlamaIndex — Agent Tools,Cookbooks,Third-Party Integrations,LlamaIndex,,,Code example illustrating a task — surfaced inline from the corresponding Build page (1–3 related examples); browsable here by topic mirroring Build taxonomy
https://docs.mistral.ai/cookbooks/third_party-llamaindex-llamaindex_agentic_rag,LlamaIndex — Agentic RAG,Cookbooks,Third-Party Integrations,LlamaIndex,,,Code example illustrating a task — surfaced inline from the corresponding Build page (1–3 related examples); browsable here by topic mirroring Build taxonomy
https://docs.mistral.ai/cookbooks/third_party-llamaindex-llamaindex_arxiv_agentic_rag,LlamaIndex — Arxiv Agentic RAG,Cookbooks,Third-Party Integrations,LlamaIndex,,,Code example illustrating a task — surfaced inline from the corresponding Build page (1–3 related examples); browsable here by topic mirroring Build taxonomy
https://docs.mistral.ai/cookbooks/third_party-llamaindex-llamaindex_arxiv_agentic_rag_with_observability,LlamaIndex — Arxiv RAG + Observability,Cookbooks,Third-Party Integrations,LlamaIndex,,,Code example illustrating a task — surfaced inline from the corresponding Build page (1–3 related examples); browsable here by topic mirroring Build taxonomy
https://docs.mistral.ai/cookbooks/third_party-llamaindex-llamaindex_mistral_multi_modal,LlamaIndex — Multimodal,Cookbooks,Third-Party Integrations,LlamaIndex,,,Code example illustrating a task — surfaced inline from the corresponding Build page (1–3 related examples); browsable here by topic mirroring Build taxonomy
https://docs.mistral.ai/cookbooks/third_party-llamaindex-llamaindex_mistralai_finetuning,LlamaIndex — Fine-Tuning,Cookbooks,Third-Party Integrations,LlamaIndex,,,Code example illustrating a task — surfaced inline from the corresponding Build page (1–3 related examples); browsable here by topic mirroring Build taxonomy
https://docs.mistral.ai/cookbooks/third_party-llamaindex-ollama_mistral_llamaindex,LlamaIndex — Ollama Local,Cookbooks,Third-Party Integrations,LlamaIndex,,,Code example illustrating a task — surfaced inline from the corresponding Build page (1–3 related examples); browsable here by topic mirroring Build taxonomy
https://docs.mistral.ai/cookbooks/third_party-llamaindex-routerqueryengine,LlamaIndex — Router Query Engine,Cookbooks,Third-Party Integrations,LlamaIndex,,,Code example illustrating a task — surfaced inline from the corresponding Build page (1–3 related examples); browsable here by topic mirroring Build taxonomy
https://docs.mistral.ai/cookbooks/third_party-llamaindex-subquestionqueryengine,LlamaIndex — Sub-Question Query Engine,Cookbooks,Third-Party Integrations,LlamaIndex,,,Code example illustrating a task — surfaced inline from the corresponding Build page (1–3 related examples); browsable here by topic mirroring Build taxonomy
https://docs.mistral.ai/cookbooks/third_party-llamaindex-propertygraphs-property_graph,LlamaIndex — Property Graph,Cookbooks,Third-Party Integrations,LlamaIndex,,,Code example illustrating a task — surfaced inline from the corresponding Build page (1–3 related examples); browsable here by topic mirroring Build taxonomy
https://docs.mistral.ai/cookbooks/third_party-llamaindex-propertygraphs-property_graph_custom_retriever,LlamaIndex — Graph Custom Retriever,Cookbooks,Third-Party Integrations,LlamaIndex,,,Code example illustrating a task — surfaced inline from the corresponding Build page (1–3 related examples); browsable here by topic mirroring Build taxonomy
https://docs.mistral.ai/cookbooks/third_party-llamaindex-propertygraphs-property_graph_extractors_retrievers,LlamaIndex — Graph Extractors,Cookbooks,Third-Party Integrations,LlamaIndex,,,Code example illustrating a task — surfaced inline from the corresponding Build page (1–3 related examples); browsable here by topic mirroring Build taxonomy
https://docs.mistral.ai/cookbooks/third_party-llamaindex-propertygraphs-property_graph_neo4j,LlamaIndex — Neo4j Graph,Cookbooks,Third-Party Integrations,LlamaIndex,,,Code example illustrating a task — surfaced inline from the corresponding Build page (1–3 related examples); browsable here by topic mirroring Build taxonomy
https://docs.mistral.ai/cookbooks/third_party-llamaindex-propertygraphs-property_graph_predefined_schema,LlamaIndex — Predefined Schema Graph,Cookbooks,Third-Party Integrations,LlamaIndex,,,Code example illustrating a task — surfaced inline from the corresponding Build page (1–3 related examples); browsable here by topic mirroring Build taxonomy
https://docs.mistral.ai/cookbooks/third_party-maxim-cookbook_maxim_mistral_integration,Maxim — Mistral Integration,Cookbooks,Third-Party Integrations,Maxim,,,Code example illustrating a task — surfaced inline from the corresponding Build page (1–3 related examples); browsable here by topic mirroring Build taxonomy
https://docs.mistral.ai/cookbooks/third_party-mesop-readme,Mesop,Cookbooks,Third-Party Integrations,Mesop,,,Code example illustrating a task — surfaced inline from the corresponding Build page (1–3 related examples); browsable here by topic mirroring Build taxonomy
https://docs.mistral.ai/cookbooks/third_party-metagpt-prompt_optimization,MetaGPT — Prompt Optimization,Cookbooks,Third-Party Integrations,MetaGPT,,,Code example illustrating a task — surfaced inline from the corresponding Build page (1–3 related examples); browsable here by topic mirroring Build taxonomy
https://docs.mistral.ai/cookbooks/third_party-milvus-milvus_rag_french_parliament,Milvus — French Parliament RAG,Cookbooks,Third-Party Integrations,Milvus,,,Code example illustrating a task — surfaced inline from the corresponding Build page (1–3 related examples); browsable here by topic mirroring Build taxonomy
https://docs.mistral.ai/cookbooks/third_party-mlflow-mistral-mlflow-tracing,MLflow — Tracing,Cookbooks,Third-Party Integrations,MLflow,,,Code example illustrating a task — surfaced inline from the corresponding Build page (1–3 related examples); browsable here by topic mirroring Build taxonomy
https://docs.mistral.ai/cookbooks/third_party-mongodb-mongodb_mistral,MongoDB — Mistral,Cookbooks,Third-Party Integrations,MongoDB,,,Code example illustrating a task — surfaced inline from the corresponding Build page (1–3 related examples); browsable here by topic mirroring Build taxonomy
https://docs.mistral.ai/cookbooks/third_party-ms_autogen_pgsql-mistral_pgsql_function_calling,AutoGen — PostgreSQL Function Calling,Cookbooks,Third-Party Integrations,Microsoft AutoGen,,,Code example illustrating a task — surfaced inline from the corresponding Build page (1–3 related examples); browsable here by topic mirroring Build taxonomy
https://docs.mistral.ai/cookbooks/third_party-neo4j-neo4j_rag,Neo4j — RAG,Cookbooks,Third-Party Integrations,Neo4j,,,Code example illustrating a task — surfaced inline from the corresponding Build page (1–3 related examples); browsable here by topic mirroring Build taxonomy
https://docs.mistral.ai/cookbooks/third_party-neon-neon_text_to_sql,Neon — Text to SQL,Cookbooks,Third-Party Integrations,Neon,,,Code example illustrating a task — surfaced inline from the corresponding Build page (1–3 related examples); browsable here by topic mirroring Build taxonomy
https://docs.mistral.ai/cookbooks/third_party-ollama-function_calling_local,Ollama — Function Calling Local,Cookbooks,Third-Party Integrations,Ollama,,,Code example illustrating a task — surfaced inline from the corresponding Build page (1–3 related examples); browsable here by topic mirroring Build taxonomy
https://docs.mistral.ai/cookbooks/third_party-openlit-cookbook_mistral_opentelemetry,OpenLIT — OpenTelemetry,Cookbooks,Third-Party Integrations,OpenLIT,,,Code example illustrating a task — surfaced inline from the corresponding Build page (1–3 related examples); browsable here by topic mirroring Build taxonomy
https://docs.mistral.ai/cookbooks/third_party-panel-readme,Panel,Cookbooks,Third-Party Integrations,Panel,,,Code example illustrating a task — surfaced inline from the corresponding Build page (1–3 related examples); browsable here by topic mirroring Build taxonomy
https://docs.mistral.ai/cookbooks/third_party-phoenix-arize_phoenix_evaluate_rag,Arize Phoenix — Evaluate RAG,Cookbooks,Third-Party Integrations,Arize Phoenix,,,Code example illustrating a task — surfaced inline from the corresponding Build page (1–3 related examples); browsable here by topic mirroring Build taxonomy
https://docs.mistral.ai/cookbooks/third_party-phoenix-arize_phoenix_tracing,Arize Phoenix — Tracing,Cookbooks,Third-Party Integrations,Arize Phoenix,,,Code example illustrating a task — surfaced inline from the corresponding Build page (1–3 related examples); browsable here by topic mirroring Build taxonomy
https://docs.mistral.ai/cookbooks/third_party-pinecone-pinecone_rag,Pinecone — RAG,Cookbooks,Third-Party Integrations,Pinecone,,,Code example illustrating a task — surfaced inline from the corresponding Build page (1–3 related examples); browsable here by topic mirroring Build taxonomy
https://docs.mistral.ai/cookbooks/third_party-pixeltable-incremental_prompt_engineering_and_model_comparison,Pixeltable — Prompt Engineering & Model Comparison,Cookbooks,Third-Party Integrations,Pixeltable,,,Code example illustrating a task — surfaced inline from the corresponding Build page (1–3 related examples); browsable here by topic mirroring Build taxonomy
https://docs.mistral.ai/cookbooks/third_party-pydanticai-pydantic_bank_support_agent,PydanticAI — Bank Support Agent,Cookbooks,Third-Party Integrations,PydanticAI,,,Code example illustrating a task — surfaced inline from the corresponding Build page (1–3 related examples); browsable here by topic mirroring Build taxonomy
https://docs.mistral.ai/cookbooks/third_party-solara-readme,Solara,Cookbooks,Third-Party Integrations,Solara,,,Code example illustrating a task — surfaced inline from the corresponding Build page (1–3 related examples); browsable here by topic mirroring Build taxonomy
https://docs.mistral.ai/cookbooks/third_party-streamlit-readme,Streamlit,Cookbooks,Third-Party Integrations,Streamlit,,,Code example illustrating a task — surfaced inline from the corresponding Build page (1–3 related examples); browsable here by topic mirroring Build taxonomy
https://docs.mistral.ai/cookbooks/third_party-wandb-02_finetune_and_eval,Weights & Biases — Fine-Tune & Eval,Cookbooks,Third-Party Integrations,Weights & Biases,,,Code example illustrating a task — surfaced inline from the corresponding Build page (1–3 related examples); browsable here by topic mirroring Build taxonomy
https://docs.mistral.ai/cookbooks/third_party-x-cmd-readme,x-cmd,Cookbooks,Third-Party Integrations,x-cmd,,,Code example illustrating a task — surfaced inline from the corresponding Build page (1–3 related examples); browsable here by topic mirroring Build taxonomy
